"","symbol","company","identifier","sedol","weight","sector","shares_held","local_currency"
"1","AAPL","Apple Inc.","03783310","2046251",0.0651283457236914,"Information Technology",167692700,"USD"
"2","MSFT","Microsoft Corporation","59491810","2588173",0.052368079099876,"Information Technology",78934890,"USD"
"3","AMZN","Amazon.com Inc.","02313510","2000019",0.0434330682448367,"Consumer Discretionary",4443712,"USD"
"4","FB","Facebook Inc. Class A","30303M10","B7TL820",0.0219146544410814,"Communication Services",25093574,"USD"
"5","GOOGL","Alphabet Inc. Class A","02079K30","BYVY8G0",0.0174692907255589,"Communication Services",3135991,"USD"
"6","GOOG","Alphabet Inc. Class C","02079K10","BYY88Y7",0.0171440455776041,"Communication Services",3064290,"USD"
"7","BRK.B","Berkshire Hathaway Inc. Class B","08467070","2073390",0.0148230361171526,"Financials",20688928,"USD"
"8","JNJ","Johnson & Johnson","47816010","2475833",0.0131844194193095,"Health Care",27478900,"USD"
"9","JPM","JPMorgan Chase & Co.","46625H10","2190385",0.0120611425675433,"Financials",31821966,"USD"
"10","V","Visa Inc. Class A","92826C83","B2PZN04",0.0115130601898139,"Information Technology",17596982,"USD"
"11","PG","Procter & Gamble Company","74271810","2704407",0.0110964879804506,"Consumer Staples",25984236,"USD"
"12","UNH","UnitedHealth Group Incorporated","91324P10","2917766",0.0106202611585928,"Health Care",9922006,"USD"
"13","NVDA","NVIDIA Corporation","67066G10","2379504",0.0105342745101051,"Information Technology",6442067,"USD"
"14","MA","Mastercard Incorporated Class A","57636Q10","B121557",0.00963233477212458,"Information Technology",9219715,"USD"
"15","HD","Home Depot Inc.","43707610","2434209",0.00937583493955753,"Consumer Discretionary",11234959,"USD"
"16","DIS","Walt Disney Company","25468710","2270726",0.00919835121651606,"Communication Services",18868764,"USD"
"17","PYPL","PayPal Holdings Inc","70450Y10","BYW36M8",0.00831408284488557,"Information Technology",12251386,"USD"
"18","VZ","Verizon Communications Inc.","92343V10","2090571",0.00823933706554191,"Communication Services",43207664,"USD"
"19","PFE","Pfizer Inc.","71708110","2684703",0.00763047998871273,"Health Care",58022836,"USD"
"20","CMCSA","Comcast Corporation Class A","20030N10","2044545",0.00757225548679424,"Communication Services",47599416,"USD"
"21","ADBE","Adobe Inc.","00724F10","2008154",0.00752714199861933,"Information Technology",5008710,"USD"
"22","BAC","Bank of America Corp","06050510","2295677",0.00730330469151875,"Financials",79610970,"USD"
"23","NFLX","Netflix Inc.","64110L10","2857817",0.00726856200521424,"Communication Services",4602870,"USD"
"24","T","AT&T Inc.","00206R10","2831811",0.00719531634185955,"Communication Services",74395900,"USD"
"25","INTC","Intel Corporation","45814010","2463247",0.0070229030108608,"Information Technology",44339440,"USD"
"26","MRK","Merck & Co. Inc.","58933Y10","2778844",0.00690394381293562,"Health Care",26397784,"USD"
"27","KO","Coca-Cola Company","19121610","2206657",0.00674851179493198,"Consumer Staples",40366228,"USD"
"28","WMT","Walmart Inc.","93114210","2936921",0.00671831946046068,"Consumer Staples",14498425,"USD"
"29","CRM","salesforce.com inc.","79466L30","2310525",0.00667519612616448,"Information Technology",9501908,"USD"
"30","PEP","PepsiCo Inc.","71344810","2681511",0.00659160966325916,"Consumer Staples",14458029,"USD"
"31","ABBV","AbbVie Inc.","00287Y10","B92SR70",0.00624162260225961,"Health Care",18425744,"USD"
"32","ABT","Abbott Laboratories","00282410","2002305",0.00620596984558846,"Health Care",18487334,"USD"
"33","CSCO","Cisco Systems Inc.","17275R10","2198163",0.00617395737038388,"Information Technology",44203796,"USD"
"34","XOM","Exxon Mobil Corporation","30231G10","2326618",0.00612328345227653,"Energy",44149824,"USD"
"35","TMO","Thermo Fisher Scientific Inc.","88355610","2886907",0.0061010317317735,"Health Care",4130159,"USD"
"36","CVX","Chevron Corporation","16676410","2838555",0.00591018697565696,"Energy",20090124,"USD"
"37","QCOM","Qualcomm Inc","74752510","2714923",0.00578254710654228,"Information Technology",11781123,"USD"
"38","NKE","NIKE Inc. Class B","65410610","2640147",0.00562346480629882,"Consumer Discretionary",12970130,"USD"
"39","COST","Costco Wholesale Corporation","22160K10","2701271",0.0054163987959549,"Consumer Staples",4610435,"USD"
"40","AVGO","Broadcom Inc.","11135F10","BDZ78H9",0.00540968827709759,"Information Technology",4186407,"USD"
"41","ACN","Accenture Plc Class A","G1151C10","B4BNMY3",0.00515346846618181,"Information Technology",6643202,"USD"
"42","MCD","McDonald's Corporation","58013510","2550707",0.00509402386992562,"Consumer Discretionary",7769806,"USD"
"43","MDT","Medtronic Plc","G5960L10","BTN1Y11",0.00498192520245665,"Health Care",14029621,"USD"
"44","HON","Honeywell International Inc.","43851610","2020459",0.00489513849210821,"Industrials",7328010,"USD"
"45","TXN","Texas Instruments Incorporated","88250810","2885409",0.00488252751702762,"Information Technology",9563690,"USD"
"46","NEE","NextEra Energy Inc.","65339F10","2328915",0.00472299518198747,"Utilities",20451616,"USD"
"47","DHR","Danaher Corporation","23585110","2250870",0.00463525839817935,"Health Care",6589557,"USD"
"48","UNP","Union Pacific Corporation","90781810","2914734",0.0045238997879316,"Industrials",7088286,"USD"
"49","BMY","Bristol-Myers Squibb Company","11012210","2126335",0.00446487522415233,"Health Care",23534694,"USD"
"50","AMGN","Amgen Inc.","03116210","2023607",0.00439732000078246,"Health Care",6115670,"USD"
"51","PM","Philip Morris International Inc.","71817210","B2PKRQ3",0.00435419666648625,"Consumer Staples",16260674,"USD"
"52","LIN","Linde plc","G5494J10","BZ12WP8",0.00433825543391015,"Materials",5485591,"USD"
"53","LLY","Eli Lilly and Company","53245710","2516152",0.00420585519672381,"Health Care",8289422,"USD"
"54","C","Citigroup Inc.","17296742","2297907",0.0041441304241644,"Financials",21735728,"USD"
"55","BA","Boeing Company","09702310","2108601",0.00409297646894058,"Industrials",5540152,"USD"
"56","SBUX","Starbucks Corporation","85524410","2842255",0.00405357342229701,"Consumer Discretionary",12204892,"USD"
"57","WFC","Wells Fargo & Company","94974610","2649100",0.00399807913147845,"Financials",43020212,"USD"
"58","LOW","Lowe's Companies Inc.","54866110","2536763",0.00398392803731585,"Consumer Discretionary",7890236,"USD"
"59","UPS","United Parcel Service Inc. Class B","91131210","2517382",0.00381660509990632,"Industrials",7373853,"USD"
"60","ORCL","Oracle Corporation","68389X10","2661568",0.0037838825698003,"Information Technology",20186576,"USD"
"61","RTX","Raytheon Technologies Corporation","75513E10","BM5M5Y3",0.00366874366726035,"Industrials",15951771,"USD"
"62","IBM","International Business Machines Corporation","45920010","2005973",0.00366183313293784,"Information Technology",9298721,"USD"
"63","AMD","Advanced Micro Devices Inc.","00790310","2007849",0.00354107379582589,"Information Technology",12258868,"USD"
"64","NOW","ServiceNow Inc.","81762P10","B80NXX8",0.00338613181571199,"Information Technology",1997181,"USD"
"65","MMM","3M Company","88579Y10","2595708",0.00328693414574815,"Industrials",6011912,"USD"
"66","BLK","BlackRock Inc.","09247X10","2494504",0.00325931201000461,"Financials",1480849,"USD"
"67","GE","General Electric Company","36960410","2380498",0.00324289074031204,"Industrials",90903830,"USD"
"68","CHTR","Charter Communications Inc. Class A","16119P10","BZ6VT82",0.00323877042172901,"Communication Services",1561792,"USD"
"69","AMT","American Tower Corporation","03027X10","B7FBFL2",0.00320211758773188,"Real Estate",4631018,"USD"
"70","CAT","Caterpillar Inc.","14912310","2180201",0.00318545629948108,"Industrials",5651687,"USD"
"71","INTU","Intuit Inc.","46120210","2459020",0.0031199412338562,"Information Technology",2731079,"USD"
"72","CVS","CVS Health Corporation","12665010","2577609",0.00310828033223529,"Health Care",13658990,"USD"
"73","MS","Morgan Stanley","61744644","2262314",0.00302816413765112,"Financials",14911461,"USD"
"74","FIS","Fidelity National Information Services Inc.","31620M10","2769796",0.00300695249756711,"Information Technology",6470220,"USD"
"75","ISRG","Intuitive Surgical Inc.","46120E60","2871301",0.00291798561864803,"Health Care",1221433,"USD"
"76","LMT","Lockheed Martin Corporation","53983010","2522096",0.00287674242972467,"Industrials",2568571,"USD"
"77","TGT","Target Corporation","87612E10","2259101",0.00283874949211073,"Consumer Discretionary",5225000,"USD"
"78","BKNG","Booking Holdings Inc.","09857L10","BDRXDB4",0.00283487919285919,"Consumer Discretionary",427371,"USD"
"79","GS","Goldman Sachs Group Inc.","38141G10","2407966",0.00276705394861131,"Financials",3592632,"USD"
"80","MDLZ","Mondelez International Inc. Class A","60920710","B8CKK03",0.00268746779500991,"Consumer Staples",14914037,"USD"
"81","AMAT","Applied Materials Inc.","03822210","2046552",0.00264130422564273,"Information Technology",9536171,"USD"
"82","MO","Altria Group Inc","02209S10","2692632",0.00262619305724719,"Consumer Staples",19402564,"USD"
"83","TJX","TJX Companies Inc","87254010","2989301",0.002623452845374,"Consumer Discretionary",12514611,"USD"
"84","AXP","American Express Company","02581610","2026082",0.00261477217418451,"Financials",6809888,"USD"
"85","DE","Deere & Company","24419910","2261203",0.00261237198860216,"Industrials",3270682,"USD"
"86","MU","Micron Technology Inc.","59511210","2588184",0.00260559146433202,"Information Technology",11599366,"USD"
"87","ANTM","Anthem Inc.","03675210","BSPHGL4",0.00259668077535755,"Health Care",2626216,"USD"
"88","SPGI","S&P Global Inc.","78409V10","BYV2325",0.00258362976625353,"Financials",2516137,"USD"
"89","CI","Cigna Corporation","12552310","BHJ0775",0.00256939866590485,"Health Care",3834083,"USD"
"90","SYK","Stryker Corporation","86366710","2853688",0.00252851550481883,"Health Care",3412349,"USD"
"91","TMUS","T-Mobile US Inc.","87259010","B94Q9V0",0.00249909322988854,"Communication Services",6073918,"USD"
"92","GILD","Gilead Sciences Inc.","37555810","2369174",0.00249382282238063,"Health Care",13090767,"USD"
"93","ZTS","Zoetis Inc. Class A","98978V10","B95WG16",0.0024705010191388,"Health Care",4957866,"USD"
"94","SCHW","Charles Schwab Corporation","80851310","2779397",0.00243935861120782,"Financials",15450191,"USD"
"95","ADP","Automatic Data Processing Inc.","05301510","2065308",0.00243325813951935,"Information Technology",4489056,"USD"
"96","CL","Colgate-Palmolive Company","19416210","2209106",0.00237821388349747,"Consumer Staples",8921292,"USD"
"97","PLD","Prologis Inc.","74340W10","B44WZD7",0.00235513209881388,"Real Estate",7690144,"USD"
"98","LRCX","Lam Research Corporation","51280710","2502247",0.00232826002106483,"Information Technology",1507292,"USD"
"99","BDX","Becton Dickinson and Company","07588710","2087807",0.00231150872585468,"Health Care",3026807,"USD"
"100","FDX","FedEx Corporation","31428X10","2142784",0.00230727839876579,"Industrials",2516817,"USD"
"101","CB","Chubb Limited","H1467J10","B3BQMF6",0.00228660680043781,"Financials",4721390,"USD"
"102","CSX","CSX Corporation","12640810","2160753",0.0022655451719527,"Industrials",7987782,"USD"
"103","DUK","Duke Energy Corporation","26441C20","B7VD3F2",0.00221962162114375,"Utilities",7675751,"USD"
"104","CCI","Crown Castle International Corp","22822V10","BTGQCX1",0.00216226718649886,"Real Estate",4364122,"USD"
"105","CME","CME Group Inc. Class A","12572Q10","2965839",0.0021461159376843,"Financials",3731925,"USD"
"106","TFC","Truist Financial Corporation","89832Q10","BKP7287",0.00212536433317024,"Financials",14065019,"USD"
"107","ATVI","Activision Blizzard Inc.","00507V10","2575818",0.00211349341531087,"Communication Services",8069424,"USD"
"108","SO","Southern Company","84258710","2829601",0.0021016224974515,"Utilities",11022893,"USD"
"109","FISV","Fiserv Inc.","33773810","2342034",0.00210018238610209,"Information Technology",5803588,"USD"
"110","USB","U.S. Bancorp","90297330","2736035",0.00207942078081477,"Financials",14306989,"USD"
"111","D","Dominion Energy Inc","25746U10","2542049",0.00205370879276386,"Utilities",8768591,"USD"
"112","ADSK","Autodesk Inc.","05276910","2065159",0.00202886687198654,"Information Technology",2289790,"USD"
"113","ICE","Intercontinental Exchange Inc.","45866F10","BFSSDS9",0.00201754599665646,"Financials",5860532,"USD"
"114","PNC","PNC Financial Services Group Inc.","69347510","2692665",0.00201046544918853,"Financials",4430570,"USD"
"115","EQIX","Equinix Inc.","29444U70","BVLZX12",0.00200111472619063,"Real Estate",924310,"USD"
"116","NSC","Norfolk Southern Corporation","65584410","2641894",0.00198542351294602,"Industrials",2663897,"USD"
"117","APD","Air Products and Chemicals Inc.","00915810","2011602",0.0019464805018724,"Materials",2297654,"USD"
"118","SHW","Sherwin-Williams Company","82434810","2804211",0.0019411600904982,"Materials",855723,"USD"
"119","MMC","Marsh & McLennan Companies Inc.","57174810","2567741",0.00192285867543278,"Financials",5288711,"USD"
"120","VRTX","Vertex Pharmaceuticals Incorporated","92532F10","2931034",0.00191681820838387,"Health Care",2714883,"USD"
"121","ITW","Illinois Tool Works Inc.","45230810","2457552",0.00191679820683735,"Industrials",3002886,"USD"
"122","GPN","Global Payments Inc.","37940X10","2712013",0.00191515808002275,"Information Technology",3129816,"USD"
"123","EL","Estee Lauder Companies Inc. Class A","51843910","2320524",0.00182858138591276,"Consumer Staples",2353645,"USD"
"124","ECL","Ecolab Inc.","27886510","2304227",0.00182017073560128,"Materials",2589088,"USD"
"125","PGR","Progressive Corporation","74331510","2705024",0.00180915988424225,"Financials",6094256,"USD"
"126","EW","Edwards Lifesciences Corporation","28176E10","2567116",0.00177613733093843,"Health Care",6497614,"USD"
"127","GM","General Motors Company","37045V10","B665KZ5",0.00177086692343052,"Consumer Discretionary",13107723,"USD"
"128","HUM","Humana Inc.","44485910","2445063",0.00172626347469186,"Health Care",1378122,"USD"
"129","ADI","Analog Devices Inc.","03265410","2032067",0.00170800206271949,"Information Technology",3836226,"USD"
"130","DG","Dollar General Corporation","25667710","B5B1S13",0.00168694043423438,"Consumer Discretionary",2600172,"USD"
"131","ILMN","Illumina Inc.","45232710","2613990",0.00165060762498156,"Health Care",1523866,"USD"
"132","REGN","Regeneron Pharmaceuticals Inc.","75886F10","2730190",0.00164761739377689,"Health Care",1091529,"USD"
"133","DD","DuPont de Nemours Inc.","26614N10","BK0VN47",0.00160731427753994,"Materials",7661581,"USD"
"134","BSX","Boston Scientific Corporation","10113710","2113434",0.00160323396204995,"Health Care",14962867,"USD"
"135","EMR","Emerson Electric Co.","29101110","2313405",0.00159919364965299,"Industrials",6237154,"USD"
"136","AON","Aon Plc Class A","G0403H10","BLP1HW5",0.00157219156185156,"Financials",2418953,"USD"
"137","NEM","Newmont Corporation","65163910","2636607",0.00156317086437123,"Materials",8381618,"USD"
"138","COP","ConocoPhillips","20825C10","2685717",0.00155744042129337,"Energy",11231952,"USD"
"139","NOC","Northrop Grumman Corporation","66680710","2648806",0.00152263773034931,"Industrials",1619008,"USD"
"140","ETN","Eaton Corp. Plc","G2918310","B8KQN82",0.00151535716741618,"Industrials",4175866,"USD"
"141","KMB","Kimberly-Clark Corporation","49436810","2491839",0.00150382627584765,"Consumer Staples",3559549,"USD"
"142","WM","Waste Management Inc.","94106L10","2937667",0.00147161378517787,"Industrials",4062742,"USD"
"143","MCO","Moody's Corporation","61536910","2252058",0.00145464247295601,"Financials",1684742,"USD"
"144","COF","Capital One Financial Corporation","14040H10","2654461",0.00142252999001883,"Financials",4768099,"USD"
"145","ROP","Roper Technologies Inc.","77669610","2749602",0.00141491940156813,"Industrials",1081877,"USD"
"146","HCA","HCA Healthcare Inc","40412C10","B4MGBG6",0.00140504863836072,"Health Care",2755720,"USD"
"147","CTSH","Cognizant Technology Solutions Corporation Class A","19244610","2257019",0.00139837812259644,"Information Technology",5661306,"USD"
"148","AEP","American Electric Power Company Inc.","02553710","2026242",0.00133736340493847,"Utilities",5145149,"USD"
"149","LHX","L3Harris Technologies Inc","50243110","BK9DTN5",0.00133585328817624,"Industrials",2260762,"USD"
"150","ROST","Ross Stores Inc.","77829610","2746711",0.00132879274225483,"Consumer Discretionary",3720896,"USD"
"151","TWTR","Twitter Inc.","90184L10","BFLR866",0.00132588251723623,"Communication Services",8215726,"USD"
"152","DOW","Dow Inc.","26055710","BHXCF84",0.00132489244068351,"Materials",7723922,"USD"
"153","BAX","Baxter International Inc.","07181310","2085102",0.00131850194657051,"Health Care",5285329,"USD"
"154","EXC","Exelon Corporation","30161N10","2670519",0.00131418161252228,"Utilities",10121726,"USD"
"155","KLAC","KLA Corporation","48248010","2480138",0.00130967126378212,"Information Technology",1623505,"USD"
"156","SYY","Sysco Corporation","87182910","2868165",0.00129278995851959,"Consumer Staples",5311083,"USD"
"157","TEL","TE Connectivity Ltd.","H8498910","B62B7C3",0.00128667948605786,"Information Technology",3446336,"USD"
"158","EA","Electronic Arts Inc.","28551210","2310194",0.00127973894941557,"Communication Services",3015190,"USD"
"159","APH","Amphenol Corporation Class A","03209510","2145084",0.00127861886281047,"Information Technology",3087508,"USD"
"160","IDXX","IDEXX Laboratories Inc.","45168D10","2459202",0.00127080825889458,"Health Care",887690,"USD"
"161","BIIB","Biogen Inc.","09062X10","2455965",0.0012658278738112,"Health Care",1653104,"USD"
"162","SRE","Sempra Energy","81685110","2138158",0.0012252647374695,"Utilities",3020281,"USD"
"163","CMG","Chipotle Mexican Grill Inc.","16965610","B0X7DZ3",0.00121185370052813,"Consumer Discretionary",291933,"USD"
"164","A","Agilent Technologies Inc.","00846U10","2520153",0.00120905348401538,"Health Care",3229161,"USD"
"165","MET","MetLife Inc.","59156R10","2573209",0.00120714333632276,"Financials",8055707,"USD"
"166","ALGN","Align Technology Inc.","01625510","2679204",0.00119969276024422,"Health Care",748805,"USD"
"167","FCX","Freeport-McMoRan Inc.","35671D85","2352118",0.00118454158875564,"Materials",15119813,"USD"
"168","CNC","Centene Corporation","15135B10","2807061",0.00117102054330841,"Health Care",6060791,"USD"
"169","F","Ford Motor Company","34537086","2615468",0.0011685603530865,"Consumer Discretionary",40658584,"USD"
"170","GIS","General Mills Inc.","37033410","2367026",0.00116776029122572,"Consumer Staples",6294394,"USD"
"171","SNPS","Synopsys Inc.","87160710","2867719",0.00116539010796315,"Information Technology",1579195,"USD"
"172","MSCI","MSCI Inc. Class A","55354G10","B2972D2",0.00116323994171229,"Financials",873445,"USD"
"173","MCHP","Microchip Technology Incorporated","59501710","2592174",0.00116218986052002,"Information Technology",2635879,"USD"
"174","PH","Parker-Hannifin Corporation","70109410","2671501",0.00115636941048282,"Industrials",1337046,"USD"
"175","XLNX","Xilinx Inc.","98391910","2985677",0.00115449926588324,"Information Technology",2546543,"USD"
"176","MAR","Marriott International Inc. Class A","57190320","2210614",0.00115310915840013,"Consumer Discretionary",2776827,"USD"
"177","GD","General Dynamics Corporation","36955010","2365161",0.0011495088800266,"Industrials",2425753,"USD"
"178","DLR","Digital Realty Trust Inc.","25386810","B03GQS4",0.00114815877563653,"Real Estate",2809914,"USD"
"179","TRV","Travelers Companies Inc.","89417E10","2769503",0.00114051818486605,"Financials",2647267,"USD"
"180","STZ","Constellation Brands Inc. Class A","21036P10","2170473",0.00113813800083022,"Consumer Staples",1742251,"USD"
"181","AIG","American International Group Inc.","02687478","2027342",0.00112512699481924,"Financials",8990761,"USD"
"182","JCI","Johnson Controls International plc","G5150210","BY7QL61",0.00112181673887025,"Industrials",7791059,"USD"
"183","XEL","Xcel Energy Inc.","98389B10","2614807",0.00112114668706184,"Utilities",5458109,"USD"
"184","TROW","T. Rowe Price Group","74144T10","2702337",0.00111493620686752,"Financials",2369027,"USD"
"185","PPG","PPG Industries Inc.","69350610","2698470",0.00111155594550571,"Materials",2460879,"USD"
"186","APTV","Aptiv PLC","G6095L10","B783TY6",0.00110318529828726,"Consumer Discretionary",2819656,"USD"
"187","INFO","IHS Markit Ltd.","G4756710","BD0Q558",0.00110113513976901,"Industrials",3894879,"USD"
"188","BK","Bank of New York Mellon Corporation","06405810","B1Z77F6",0.00109971502996612,"Financials",8437151,"USD"
"189","TT","Trane Technologies plc","G8994E10","BK9ZQ96",0.00109763486912808,"Industrials",2501802,"USD"
"190","DXCM","DexCom Inc.","25213110","B0796X4",0.00109363455982417,"Health Care",999544,"USD"
"191","ORLY","O'Reilly Automotive Inc.","67103H10","B65LWX6",0.0010863639976643,"Consumer Discretionary",772922,"USD"
"192","PSA","Public Storage","74460D10","2852533",0.00108396381208195,"Real Estate",1588147,"USD"
"193","ALL","Allstate Corporation","02000210","2019952",0.0010833037610468,"Financials",3260777,"USD"
"194","EBAY","eBay Inc.","27864210","2293819",0.00108111359170291,"Consumer Discretionary",6916477,"USD"
"195","CDNS","Cadence Design Systems Inc.","12738710","2302232",0.00108106358783661,"Information Technology",2920744,"USD"
"196","TDG","TransDigm Group Incorporated","89364110","B11FJK3",0.00107157285401307,"Industrials",565765,"USD"
"197","MNST","Monster Beverage Corporation","61174X10","BZ07BW4",0.00106937268389592,"Consumer Staples",3854749,"USD"
"198","CMI","Cummins Inc.","23102110","2240202",0.00106899265451205,"Industrials",1545032,"USD"
"199","SLB","Schlumberger NV","80685710","2779201",0.00106226213410821,"Energy",14417285,"USD"
"200","IQV","IQVIA Holdings Inc","46266C10","BDR73G1",0.00106031198332255,"Health Care",1997138,"USD"
"201","YUM","Yum! Brands Inc.","98849810","2098876",0.00105637167865819,"Consumer Discretionary",3148654,"USD"
"202","HPQ","HP Inc.","40434L10","BYX4D52",0.00104718096803245,"Information Technology",14341375,"USD"
"203","EOG","EOG Resources Inc.","26875P10","2318024",0.00104426074224059,"Energy",6060074,"USD"
"204","PRU","Prudential Financial Inc.","74432010","2819118",0.00103936036334329,"Financials",4124656,"USD"
"205","VRSK","Verisk Analytics Inc","92345Y10","B4P9W92",0.00102990963261279,"Industrials",1700369,"USD"
"206","PSX","Phillips 66","71854610","B78C4Y8",0.0010209289382255,"Energy",4571839,"USD"
"207","SBAC","SBA Communications Corp. Class A","78410G10","BZ6TS23",0.00101467845493814,"Real Estate",1168271,"USD"
"208","BLL","Ball Corporation","05849810","2073022",0.00100405763373624,"Materials",3416318,"USD"
"209","CARR","Carrier Global Corp.","14448C10","BK4N0D7",0.0010032475711022,"Industrials",8480292,"USD"
"210","CTAS","Cintas Corporation","17290810","2197137",0.000993856845011256,"Industrials",907930,"USD"
"211","AFL","Aflac Incorporated","00105510","2026361",0.000989356497044351,"Financials",6922634,"USD"
"212","WBA","Walgreens Boots Alliance Inc","93142710","BTN1Y44",0.000985736217124308,"Consumer Staples",7510033,"USD"
"213","ZBH","Zimmer Biomet Holdings Inc.","98956P10","2783815",0.000985536201659112,"Health Care",2142137,"USD"
"214","HLT","Hilton Worldwide Holdings Inc","43300A20","BYVMW06",0.000979615743889318,"Consumer Discretionary",2895393,"USD"
"215","RMD","ResMed Inc.","76115210","2732903",0.000977385571452385,"Health Care",1485861,"USD"
"216","PCAR","PACCAR Inc","69371810","2665861",0.000969334948978255,"Industrials",3587049,"USD"
"217","SPG","Simon Property Group Inc.","82880610","2812452",0.000967064773448283,"Real Estate",3393044,"USD"
"218","MSI","Motorola Solutions Inc.","62007630","B5BKPQ4",0.000959744207422118,"Information Technology",1772050,"USD"
"219","PAYX","Paychex Inc.","70432610","2674458",0.000955043843990017,"Information Technology",3317843,"USD"
"220","CTVA","Corteva Inc","22052L10","BK73B42",0.000951413563296714,"Materials",7792995,"USD"
"221","ES","Eversource Energy","30040W10","BVVN4Q8",0.000951103539325661,"Utilities",3522036,"USD"
"222","WEC","WEC Energy Group Inc","92939U10","BYY8XK8",0.000947623270231254,"Utilities",3269179,"USD"
"223","MCK","McKesson Corporation","58155Q10","2378534",0.000942332861176826,"Health Care",1682920,"USD"
"224","KMI","Kinder Morgan Inc Class P","49456B10","B3NQ4P8",0.000940922752147196,"Energy",20187558,"USD"
"225","ANSS","ANSYS Inc.","03662Q10","2045623",0.000938152537954235,"Information Technology",891191,"USD"
"226","ROK","Rockwell Automation Inc.","77390310","2754060",0.000935172307522818,"Industrials",1202530,"USD"
"227","PEG","Public Service Enterprise Group Inc","74457310","2707677",0.000934732273499387,"Utilities",5240426,"USD"
"228","MPC","Marathon Petroleum Corporation","56585A10","B3K3L40",0.000934072222464241,"Energy",6762470,"USD"
"229","SWK","Stanley Black & Decker Inc.","85450210","B3Q2FJ4",0.000933392169882575,"Industrials",1667325,"USD"
"230","GLW","Corning Inc","21935010","2224701",0.000930621955689614,"Information Technology",7944701,"USD"
"231","VFC","V.F. Corporation","91820410","2928683",0.000914510709968095,"Consumer Discretionary",3339362,"USD"
"232","MTD","Mettler-Toledo International Inc.","59268810","2126249",0.000909370312512564,"Health Care",250525,"USD"
"233","LUV","Southwest Airlines Co.","84474110","2831543",0.000908360234413325,"Industrials",6158996,"USD"
"234","FAST","Fastenal Company","31190010","2332262",0.000905870041871637,"Industrials",5940285,"USD"
"235","ADM","Archer-Daniels-Midland Company","03948310","2047317",0.000898489471205914,"Consumer Staples",5794858,"USD"
"236","DAL","Delta Air Lines Inc.","24736170","B1W9D46",0.000894589169634596,"Industrials",6660452,"USD"
"237","WELL","Welltower Inc.","95040Q10","BYVYHH4",0.000882308220071576,"Real Estate",4372512,"USD"
"238","AME","AMETEK Inc.","03110010","2089212",0.000880338067739398,"Industrials",2360362,"USD"
"239","AZO","AutoZone Inc.","05333210","2065955",0.000876517772354158,"Consumer Discretionary",244439,"USD"
"240","AWK","American Water Works Company Inc.","03042010","B2R3PV1",0.000875577699667738,"Utilities",1876386,"USD"
"241","WLTW","Willis Towers Watson Public Limited Company","G9662910","BDB6Q21",0.000872707477742179,"Financials",1338967,"USD"
"242","WMB","Williams Companies Inc.","96945710","2967181",0.000870357296026129,"Energy",12553715,"USD"
"243","ALXN","Alexion Pharmaceuticals Inc.","01535110","2036070",0.000857206279189507,"Health Care",2288277,"USD"
"244","OTIS","Otis Worldwide Corporation","68902V10","BK531S8",0.000851605846164025,"Industrials",4222365,"USD"
"245","DFS","Discover Financial Services","25470910","B1YLC43",0.000848625615732608,"Financials",3199669,"USD"
"246","DLTR","Dollar Tree Inc.","25674610","2272476",0.000842255123166123,"Consumer Discretionary",2468032,"USD"
"247","STT","State Street Corporation","85747710","2842040",0.000833214424139274,"Financials",3685991,"USD"
"248","CLX","Clorox Company","18905410","2204026",0.000826253885950462,"Consumer Staples",1307008,"USD"
"249","VLO","Valero Energy Corporation","91913Y10","2041364",0.000806622368041497,"Energy",4275197,"USD"
"250","SWKS","Skyworks Solutions Inc.","83088M10","2961053",0.00080126195357425,"Information Technology",1746986,"USD"
"251","ED","Consolidated Edison Inc.","20911510","2216850",0.000800881924190378,"Utilities",3464673,"USD"
"252","KR","Kroger Co.","50104410","2497406",0.00079890177108494,"Consumer Staples",8122584,"USD"
"253","EIX","Edison International","28102010","2829515",0.000784420651404767,"Utilities",3958535,"USD"
"254","DTE","DTE Energy Company","23333110","2280220",0.000782720519950603,"Utilities",1999443,"USD"
"255","CPRT","Copart Inc.","21720410","2208073",0.000773059772981647,"Industrials",2137755,"USD"
"256","WY","Weyerhaeuser Company","96216610","2958936",0.000772589736638437,"Real Estate",7721442,"USD"
"257","BBY","Best Buy Co. Inc.","08651610","2094670",0.00077197968946959,"Consumer Discretionary",2377598,"USD"
"258","KEYS","Keysight Technologies Inc","49338L10","BQZJ0Q9",0.000766369255670849,"Information Technology",1949204,"USD"
"259","FTV","Fortive Corp.","34959J10","BYT3MK1",0.000764479109524748,"Industrials",3519294,"USD"
"260","AMP","Ameriprise Financial Inc.","03076C10","B0J7D57",0.000763279016733574,"Financials",1255919,"USD"
"261","DHI","D.R. Horton Inc.","23331A10","2250687",0.0007620289200761,"Consumer Discretionary",3455860,"USD"
"262","FLT","FLEETCOR Technologies Inc.","33904110","B4R28B3",0.000755638425963096,"Information Technology",877052,"USD"
"263","AJG","Arthur J. Gallagher & Co.","36357610","2359506",0.000747767817407642,"Financials",1985455,"USD"
"264","MKC","McCormick & Company Incorporated","57978020","2550161",0.0007450176047612,"Consumer Staples",2540642,"USD"
"265","AVB","AvalonBay Communities Inc.","05348410","2131179",0.000744177539807378,"Real Estate",1452991,"USD"
"266","LYB","LyondellBasell Industries NV","N5374510","B3SPXZ3",0.000743317473307036,"Materials",2673931,"USD"
"267","CERN","Cerner Corporation","15678210","2185284",0.000742927443149904,"Health Care",3187051,"USD"
"268","MXIM","Maxim Integrated Products Inc.","57772K10","2573760",0.00074217738515542,"Information Technology",2786414,"USD"
"269","HSY","Hershey Company","42786610","2422806",0.000728836353626862,"Consumer Staples",1544915,"USD"
"270","CBRE","CBRE Group Inc. Class A","12504L10","B6WVMH3",0.000728686342027966,"Real Estate",3485975,"USD"
"271","KHC","Kraft Heinz Company","50075410","BYRY499",0.00072704621521336,"Consumer Staples",6765555,"USD"
"272","EFX","Equifax Inc.","29442910","2319146",0.000724125989421502,"Industrials",1252958,"USD"
"273","FRC","First Republic Bank","33616C10","B4WHY15",0.000720485707954939,"Financials",1754315,"USD"
"274","PPL","PPL Corporation","69351T10","2680905",0.000710324922322994,"Utilities",8015602,"USD"
"275","VTRS","Viatris Inc.","92556V10","BMWS3X9",0.000699284068644188,"Health Care",12543626,"USD"
"276","VRSN","VeriSign Inc.","92343E10","2142922",0.000690843416012926,"Information Technology",1055200,"USD"
"277","TTWO","Take-Two Interactive Software Inc.","87405410","2122117",0.000689583318582193,"Communication Services",1165034,"USD"
"278","PAYC","Paycom Software Inc.","70432V10","BL95MY0",0.000687783179395431,"Information Technology",511128,"USD"
"279","CHD","Church & Dwight Co. Inc.","17134010","2195841",0.000685523004638719,"Consumer Staples",2549284,"USD"
"280","MKTX","MarketAxess Holdings Inc.","57060D10","B03Q9D0",0.000682322757195586,"Financials",392535,"USD"
"281","O","Realty Income Corporation","75610910","2724193",0.000676062273134959,"Real Estate",3579610,"USD"
"282","ETR","Entergy Corporation","29364G10","2317087",0.000674862180343784,"Utilities",2073853,"USD"
"283","EQR","Equity Residential","29476L10","2319157",0.000673712091418908,"Real Estate",3575530,"USD"
"284","TSN","Tyson Foods Inc. Class A","90249410","2909730",0.000672421991668396,"Consumer Staples",3074094,"USD"
"285","VIAC","ViacomCBS Inc. Class B","92556H20","BKTNTR9",0.000665441451933063,"Communication Services",5886714,"USD"
"286","LH","Laboratory Corporation of America Holdings","50540R40","2586122",0.00066184117355954,"Health Care",1011673,"USD"
"287","ARE","Alexandria Real Estate Equities Inc.","01527110","2009210",0.000659841018907582,"Real Estate",1224380,"USD"
"288","ZBRA","Zebra Technologies Corporation Class A","98920710","2989356",0.000658120885906898,"Information Technology",556684,"USD"
"289","LEN","Lennar Corporation Class A","52605710","2511920",0.000653250509329381,"Consumer Discretionary",2867480,"USD"
"290","HOLX","Hologic Inc.","43644010","2433530",0.00064955022322326,"Health Care",2703156,"USD"
"291","FITB","Fifth Third Bancorp","31677310","2336747",0.000649340206984804,"Financials",7417165,"USD"
"292","ETSY","Etsy Inc.","29786A10","BWTN5N1",0.000649000180693971,"Consumer Discretionary",1245864,"USD"
"293","WST","West Pharmaceutical Services Inc.","95530610","2950482",0.000647770085583017,"Health Care",770804,"USD"
"294","PXD","Pioneer Natural Resources Company","72378710","2690830",0.000647600072437601,"Energy",1729903,"USD"
"295","RSG","Republic Services Inc.","76075910","2262530",0.000646539990472063,"Industrials",2194467,"USD"
"296","TER","Teradyne Inc.","88077010","2884183",0.000631988865379071,"Information Technology",1733600,"USD"
"297","IP","International Paper Company","46014610","2465254",0.000628118566127533,"Materials",4097735,"USD"
"298","NTRS","Northern Trust Corporation","66585910","2648668",0.000628058561487974,"Financials",2172846,"USD"
"299","ODFL","Old Dominion Freight Line Inc.","67958010","2656423",0.000622878160939404,"Industrials",994714,"USD"
"300","LVS","Las Vegas Sands Corp.","51783410","B02T2J7",0.0006192978841124,"Consumer Discretionary",3429569,"USD"
"301","CDW","CDW Corp.","12514G10","BBM5MD6",0.000618067789001446,"Information Technology",1489062,"USD"
"302","AEE","Ameren Corporation","02360810","2050832",0.000617807768896691,"Utilities",2534803,"USD"
"303","OKE","ONEOK Inc.","68268010","2130109",0.000610257185085551,"Energy",4638198,"USD"
"304","KSU","Kansas City Southern","48517030","2607647",0.000605016779897422,"Industrials",984783,"USD"
"305","SIVB","SVB Financial Group","78486Q10","2808053",0.000601186483738923,"Financials",539301,"USD"
"306","AMCR","Amcor PLC","G0250X10","BJ1F307",0.000599046318261328,"Materials",16486480,"USD"
"307","VMC","Vulcan Materials Company","92916010","2931205",0.00059751619995258,"Materials",1376338,"USD"
"308","GWW","W.W. Grainger Inc.","38480210","2380863",0.000595796066951897,"Industrials",469916,"USD"
"309","QRVO","Qorvo Inc.","74736K10","BR9YYP4",0.000595136015916751,"Information Technology",1192742,"USD"
"310","VTR","Ventas Inc.","92276F10","2927925",0.00059234580017727,"Real Estate",3849344,"USD"
"311","TYL","Tyler Technologies Inc.","90225210","2909644",0.0005899756169147,"Information Technology",416400,"USD"
"312","OXY","Occidental Petroleum Corporation","67459910","2655408",0.000587025388803062,"Energy",8741095,"USD"
"313","SYF","Synchrony Financial","87165B10","BP96PS6",0.000584415186982257,"Financials",5622936,"USD"
"314","EXPE","Expedia Group Inc.","30212P30","B748CK2",0.000582585045475716,"Consumer Discretionary",1416907,"USD"
"315","TFX","Teleflex Incorporated","87936910","2881407",0.00058096492020763,"Health Care",480897,"USD"
"316","DOV","Dover Corporation","26000310","2278407",0.000579344794939545,"Industrials",1514677,"USD"
"317","HAL","Halliburton Company","40621610","2405302",0.000577994690549473,"Energy",9174951,"USD"
"318","XYL","Xylem Inc.","98419M10","B3P2CN8",0.000576914607037416,"Industrials",1864040,"USD"
"319","URI","United Rentals Inc.","91136310","2134781",0.000575394489501928,"Industrials",754546,"USD"
"320","NUE","Nucor Corporation","67034610","2651086",0.000568073923475763,"Materials",3156348,"USD"
"321","FTNT","Fortinet Inc.","34959E10","B5B2106",0.000564843673712852,"Information Technology",1405100,"USD"
"322","GRMN","Garmin Ltd.","H2906T10","B3Z5T14",0.000562793515194595,"Consumer Discretionary",1505787,"USD"
"323","CAG","Conagra Brands Inc.","20588710","2215460",0.000562603500502659,"Consumer Staples",5047387,"USD"
"324","HIG","Hartford Financial Services Group Inc.","41651510","2476193",0.000561193391473029,"Financials",3756921,"USD"
"325","COO","Cooper Companies Inc.","21664840","2222631",0.000559963296362075,"Health Care",510886,"USD"
"326","CMS","CMS Energy Corporation","12589610","2219224",0.000553912828539903,"Utilities",2957065,"USD"
"327","AKAM","Akamai Technologies Inc.","00971T10","2507457",0.000549642498357973,"Information Technology",1686598,"USD"
"328","BR","Broadridge Financial Solutions Inc.","11133T10","B1VP7R6",0.000549182462788023,"Information Technology",1191817,"USD"
"329","DGX","Quest Diagnostics Incorporated","74834L10","2702791",0.000547452329014079,"Health Care",1384537,"USD"
"330","IR","Ingersoll Rand Inc.","45687V10","BL5GZ82",0.000547072299630207,"Industrials",3875780,"USD"
"331","MLM","Martin Marietta Materials Inc.","57328410","2572079",0.000545832203745994,"Materials",649328,"USD"
"332","MTB","M&T Bank Corporation","55261F10","2340168",0.000540231770720512,"Financials",1339482,"USD"
"333","CTXS","Citrix Systems Inc.","17737610","2182553",0.000539331701127131,"Information Technology",1289974,"USD"
"334","FE","FirstEnergy Corp.","33793210","2100920",0.000536431476881792,"Utilities",5632670,"USD"
"335","CAH","Cardinal Health Inc.","14149Y10","2175672",0.000533671263462091,"Health Care",3053988,"USD"
"336","STE","STERIS Plc","G8473T10","BFY8C75",0.00052992097348967,"Health Care",886137,"USD"
"337","PKI","PerkinElmer Inc.","71404610","2305844",0.00052900090234977,"Health Care",1150454,"USD"
"338","ESS","Essex Property Trust Inc.","29717810","2316619",0.000527280769349086,"Real Estate",681777,"USD"
"339","PEAK","Healthpeak Properties Inc.","42250P10","BJBLRK3",0.000524800577580659,"Real Estate",5637384,"USD"
"340","VAR","Varian Medical Systems Inc.","92220P10","2927516",0.000522150372666815,"Health Care",947445,"USD"
"341","KEY","KeyCorp","49326710","2490911",0.000521340310032772,"Financials",10288095,"USD"
"342","TSCO","Tractor Supply Company","89235610","2900335",0.000519900198683362,"Consumer Discretionary",1213485,"USD"
"343","HPE","Hewlett Packard Enterprise Co.","42824C10","BYVYWS0",0.000516139907937682,"Information Technology",13513261,"USD"
"344","HES","Hess Corporation","42809H10","2023748",0.000515449854582756,"Energy",2854475,"USD"
"345","CTLT","Catalent Inc","14880610","BP96PQ4",0.000514039745553126,"Health Care",1713763,"USD"
"346","KMX","CarMax Inc.","14313010","2983563",0.000510039436249211,"Consumer Discretionary",1715538,"USD"
"347","CE","Celanese Corporation","15087010","B05MZT4",0.000509749413824677,"Materials",1235045,"USD"
"348","K","Kellogg Company","48783610","2486813",0.000506529164835025,"Consumer Staples",2593252,"USD"
"349","CFG","Citizens Financial Group Inc.","17461010","BQRX1X3",0.000505569090602085,"Financials",4456284,"USD"
"350","ULTA","Ulta Beauty Inc","90384S30","B28TS42",0.000504158981572455,"Consumer Discretionary",587876,"USD"
"351","RF","Regions Financial Corporation","7591EP10","B01R311",0.000503658942909466,"Financials",10083293,"USD"
"352","INCY","Incyte Corporation","45337C10","2471950",0.000501858803722704,"Health Care",1940891,"USD"
"353","FMC","FMC Corporation","30249130","2328603",0.000501798799083145,"Materials",1353316,"USD"
"354","WDC","Western Digital Corporation","95810210","2954699",0.000496168363737884,"Information Technology",3050641,"USD"
"355","ALB","Albemarle Corporation","01265310","2046853",0.000495948346726169,"Materials",1112727,"USD"
"356","DRI","Darden Restaurants Inc.","23719410","2289874",0.000494858262440852,"Consumer Discretionary",1360255,"USD"
"357","EXPD","Expeditors International of Washington Inc.","30213010","2325507",0.000494668247748916,"Industrials",1749919,"USD"
"358","ANET","Arista Networks Inc.","04041310","BN33VM5",0.000494098203673108,"Information Technology",567305,"USD"
"359","BKR","Baker Hughes Company Class A","05722G10","BDHLTQ5",0.000493798180475314,"Energy",6777291,"USD"
"360","WAT","Waters Corporation","94184810","2937689",0.000493478155731001,"Health Care",648247,"USD"
"361","DPZ","Domino's Pizza Inc.","25754A20","B01SD70",0.00048926783018863,"Consumer Discretionary",402162,"USD"
"362","ABC","AmerisourceBergen Corporation","03073E10","2795393",0.000480677165958472,"Health Care",1534953,"USD"
"363","STX","Seagate Technology PLC","G7945M10","B58JVZ5",0.00047605680871245,"Information Technology",2330505,"USD"
"364","UAL","United Airlines Holdings Inc.","91004710","B4QG225",0.000475296749944706,"Industrials",3038280,"USD"
"365","BXP","Boston Properties Inc.","10112110","2019479",0.000474686702775859,"Real Estate",1478179,"USD"
"366","TDY","Teledyne Technologies Incorporated","87936010","2503477",0.000474186664112869,"Industrials",384050,"USD"
"367","RCL","Royal Caribbean Group","V7780T10","2754907",0.000472806557403018,"Consumer Discretionary",1860491,"USD"
"368","NDAQ","Nasdaq Inc.","63110310","2965107",0.000471886486263118,"Financials",1197997,"USD"
"369","IEX","IDEX Corporation","45167R10","2456612",0.000470776400431281,"Industrials",778582,"USD"
"370","EXR","Extra Space Storage Inc.","30225T10","B02HWR9",0.000468676238046726,"Real Estate",1351759,"USD"
"371","MAS","Masco Corporation","57459910","2570200",0.00046847622258153,"Industrials",2729665,"USD"
"372","J","Jacobs Engineering Group Inc.","46981410","2469052",0.000466726087261067,"Industrials",1362343,"USD"
"373","GPC","Genuine Parts Company","37246010","2367480",0.00046373585605639,"Consumer Discretionary",1516415,"USD"
"374","EMN","Eastman Chemical Company","27743210","2298386",0.000463165811980582,"Materials",1427181,"USD"
"375","DRE","Duke Realty Corporation","26441150","2284084",0.000462885790329308,"Real Estate",3841058,"USD"
"376","TIF","Tiffany & Co.","88654710","2892090",0.000462435755532618,"Consumer Discretionary",1118015,"USD"
"377","LDOS","Leidos Holdings Inc.","52532710","BDV82B8",0.000458985488757991,"Information Technology",1389481,"USD"
"378","NVR","NVR Inc.","62944T10","2637785",0.000457785395966816,"Consumer Discretionary",36396,"USD"
"379","OMC","Omnicom Group Inc","68191910","2279303",0.000457315359623606,"Communication Services",2268829,"USD"
"380","BF.B","Brown-Forman Corporation Class B","11563720","2146838",0.000455485218117065,"Consumer Staples",1898029,"USD"
"381","IT","Gartner Inc.","36665110","2372763",0.000455205196465791,"Information Technology",925862,"USD"
"382","AES","AES Corporation","00130H10","2002479",0.000451704925824865,"Utilities",6874603,"USD"
"383","MAA","Mid-America Apartment Communities Inc.","59522J10","2589132",0.000447774621933768,"Real Estate",1182279,"USD"
"384","NTAP","NetApp Inc.","64110D10","2630643",0.000446444519090216,"Information Technology",2317812,"USD"
"385","WAB","Westinghouse Air Brake Technologies Corporation","92974010","2955733",0.000443624301030956,"Industrials",1866974,"USD"
"386","POOL","Pool Corporation","73278L10","2781585",0.00043725380846447,"Consumer Discretionary",418676,"USD"
"387","HBAN","Huntington Bancshares Incorporated","44615010","2445966",0.000435993711033737,"Financials",10617686,"USD"
"388","SJM","J.M. Smucker Company","83269640","2951452",0.000431183339095779,"Consumer Staples",1180816,"USD"
"389","HRL","Hormel Foods Corporation","44045210","2437264",0.000426192953239144,"Consumer Staples",2902154,"USD"
"390","PFG","Principal Financial Group Inc.","74251V10","2803014",0.000423252725900767,"Financials",2695822,"USD"
"391","CXO","Concho Resources Inc.","20605P10","B1YWRK7",0.000419882465312218,"Energy",2083111,"USD"
"392","PKG","Packaging Corporation of America","69515610","2504566",0.000419422429742268,"Materials",981777,"USD"
"393","MGM","MGM Resorts International","55295310","2547419",0.000416712220188865,"Consumer Discretionary",4275153,"USD"
"394","EVRG","Evergy Inc.","30034W10","BFMXGR0",0.000413691986664409,"Utilities",2382434,"USD"
"395","AVY","Avery Dennison Corporation","05361110","2066408",0.000413341959600316,"Materials",869767,"USD"
"396","CHRW","C.H. Robinson Worldwide Inc.","12541W20","2116228",0.000411691832012451,"Industrials",1408960,"USD"
"397","LNT","Alliant Energy Corp","01880210","2973821",0.000409821687412871,"Utilities",2507589,"USD"
"398","CINF","Cincinnati Financial Corporation","17206210","2196888",0.000398400804350192,"Financials",1561317,"USD"
"399","IFF","International Flavors & Fragrances Inc.","45950610","2464165",0.000395280563093138,"Materials",1114039,"USD"
"400","ABMD","ABIOMED Inc.","00365410","2003698",0.000395250560773359,"Health Care",468114,"USD"
"401","CNP","CenterPoint Energy Inc.","15189T10","2440637",0.00039190030173133,"Utilities",5704520,"USD"
"402","BIO","Bio-Rad Laboratories Inc. Class A","09057220","2098508",0.000391230249922924,"Health Care",223775,"USD"
"403","XRAY","DENTSPLY SIRONA Inc.","24906P10","BYNPPC6",0.000388720055834717,"Health Care",2280403,"USD"
"404","ATO","Atmos Energy Corporation","04956010","2315359",0.000385619816124183,"Utilities",1246439,"USD"
"405","JKHY","Jack Henry & Associates Inc.","42628110","2469193",0.000385209784420531,"Information Technology",794550,"USD"
"406","FBHS","Fortune Brands Home & Security Inc.","34964C10","B3MC7D6",0.000381409490581812,"Industrials",1441853,"USD"
"407","CCL","Carnival Corporation","14365830","2523044",0.000380379410936054,"Consumer Discretionary",5407743,"USD"
"408","NLOK","NortonLifeLock Inc.","66877110","BJN4XN5",0.00037961935216831,"Information Technology",6171203,"USD"
"409","RJF","Raymond James Financial Inc.","75473010","2718992",0.000376519112457775,"Financials",1289556,"USD"
"410","JBHT","J.B. Hunt Transport Services Inc.","44565810","2445416",0.000375759053690031,"Industrials",870205,"USD"
"411","WHR","Whirlpool Corporation","96332010","2960384",0.000375689048277213,"Consumer Discretionary",653540,"USD"
"412","PHM","PulteGroup Inc.","74586710","2708841",0.00037205876758391,"Consumer Discretionary",2800340,"USD"
"413","HAS","Hasbro Inc.","41805610","2414580",0.000371618733560479,"Consumer Discretionary",1329758,"USD"
"414","WRK","WestRock Company","96145D10","BYR0914",0.000369438564989845,"Materials",2669793,"USD"
"415","UDR","UDR Inc.","90265310","2727910",0.000368998530966414,"Real Estate",3054754,"USD"
"416","LW","Lamb Weston Holdings Inc.","51327210","BDQZFJ3",0.000366338325279311,"Consumer Staples",1521735,"USD"
"417","TXT","Textron Inc.","88320310","2885937",0.000363488104900271,"Industrials",2401425,"USD"
"418","AAP","Advance Auto Parts Inc.","00751Y10","2822019",0.000360357862869957,"Consumer Discretionary",722715,"USD"
"419","WYNN","Wynn Resorts Limited","98313410","2963811",0.000357107611560526,"Consumer Discretionary",1003866,"USD"
"420","UHS","Universal Health Services Inc. Class B","91390310","2923785",0.000346076758654979,"Health Care",811225,"USD"
"421","HST","Host Hotels & Resorts Inc.","44107P10","2567503",0.000344016599363463,"Real Estate",7360915,"USD"
"422","L","Loews Corporation","54042410","2523022",0.000342316467909299,"Financials",2487933,"USD"
"423","ALLE","Allegion PLC","G0176J10","BFRT3W7",0.000340056293152587,"Industrials",975206,"USD"
"424","LKQ","LKQ Corporation","50188920","2971029",0.000336896048802493,"Consumer Discretionary",2923260,"USD"
"425","FFIV","F5 Networks Inc.","31561610","2427599",0.000336225996994088,"Information Technology",622436,"USD"
"426","LYV","Live Nation Entertainment Inc.","53803410","B0T7YX2",0.000335695956011319,"Communication Services",1472728,"USD"
"427","HSIC","Henry Schein Inc.","80640710","2416962",0.000334875892604016,"Health Care",1490140,"USD"
"428","HWM","Howmet Aerospace Inc.","44320110","BKLJ8V2",0.000332535711661226,"Industrials",4038295,"USD"
"429","PWR","Quanta Services Inc.","74762E10","2150204",0.000331545635108507,"Industrials",1440996,"USD"
"430","FOXA","Fox Corporation Class A","35137L10","BJJMGL2",0.000329055442566819,"Communication Services",3586979,"USD"
"431","SNA","Snap-on Incorporated","83303410","2818740",0.000325475165739815,"Industrials",571297,"USD"
"432","LUMN","Lumen Technologies Inc.","15670010","2185046",0.000315814418770859,"Communication Services",9991259,"USD"
"433","CPB","Campbell Soup Company","13442910","2162845",0.000315154367735713,"Consumer Staples",2113784,"USD"
"434","LNC","Lincoln National Corporation","53418710","2516378",0.000314724334485542,"Financials",1896811,"USD"
"435","RE","Everest Re Group Ltd.","G3223R10","2556868",0.000311154058431798,"Financials",418694,"USD"
"436","CBOE","Cboe Global Markets Inc","12503M10","B5834C5",0.000311104054565499,"Financials",1135490,"USD"
"437","BWA","BorgWarner Inc.","09972410","2111955",0.000307693790883911,"Consumer Discretionary",2550632,"USD"
"438","GL","Globe Life Inc.","37959E10","BK6YKG1",0.000305823646284331,"Financials",1022787,"USD"
"439","LB","L Brands Inc.","50179710","B9M2WX3",0.000301823336980415,"Consumer Discretionary",2334851,"USD"
"440","WRB","W. R. Berkley Corporation","08442310","2093644",0.000299993195473874,"Financials",1468129,"USD"
"441","IPG","Interpublic Group of Companies Inc.","46069010","2466321",0.000299543160677184,"Communication Services",4020768,"USD"
"442","PNW","Pinnacle West Capital Corporation","72348410","2048804",0.000297633012984564,"Utilities",1169749,"USD"
"443","TAP","Molson Coors Beverage Company Class B","60871R20","B067BM3",0.00029638291632709,"Consumer Staples",1950822,"USD"
"444","WU","Western Union Company","95980210","B1F76F9",0.00029592288075714,"Information Technology",4289644,"USD"
"445","DISH","DISH Network Corporation Class A","25470M10","2303581",0.000293922726105182,"Communication Services",2575764,"USD"
"446","AAL","American Airlines Group Inc.","02376R10","BCV7KT2",0.000293692708320207,"Industrials",5180318,"USD"
"447","IRM","Iron Mountain Inc.","46284V10","BVFTF03",0.000284491996921202,"Real Estate",2980295,"USD"
"448","PNR","Pentair plc","G7S00T10","BLS09M3",0.000282481841495985,"Industrials",1753449,"USD"
"449","DVA","DaVita Inc.","23918K10","2898087",0.000277061422389179,"Health Care",785609,"USD"
"450","CF","CF Industries Holdings Inc.","12526910","B0G4K50",0.00027512127237678,"Materials",2232212,"USD"
"451","NI","NiSource Inc","65473P10","2645409",0.000274531226754453,"Utilities",3859669,"USD"
"452","NRG","NRG Energy Inc.","62937750","2212922",0.000272391061276858,"Utilities",2548929,"USD"
"453","TPR","Tapestry Inc.","87603010","BF09HX3",0.00026898079759527,"Consumer Discretionary",2881540,"USD"
"454","FANG","Diamondback Energy Inc.","25278X10","B7Y8YR3",0.00026426043261665,"Energy",1679087,"USD"
"455","AIZ","Assurant Inc.","04621X10","2331430",0.000263870402459518,"Financials",631830,"USD"
"456","MHK","Mohawk Industries Inc.","60819010","2598699",0.000261750238528443,"Consumer Discretionary",624593,"USD"
"457","NWL","Newell Brands Inc","65122910","2635701",0.000260120112487098,"Consumer Discretionary",3967406,"USD"
"458","DISCK","Discovery Inc. Class C","25470F30","B3D7KG4",0.000259430059132172,"Communication Services",3230853,"USD"
"459","MOS","Mosaic Company","61945C10","B3NPHP6",0.000254939711938527,"Materials",3635827,"USD"
"460","AOS","A. O. Smith Corporation","83186520","2816023",0.000250729386396156,"Industrials",1412921,"USD"
"461","ROL","Rollins Inc.","77571110","2747305",0.000250139340773829,"Industrials",2199129,"USD"
"462","REG","Regency Centers Corporation","75884910","2726177",0.000247129108022632,"Real Estate",1647100,"USD"
"463","CMA","Comerica Incorporated","20034010","2212870",0.000242658762375507,"Financials",1451206,"USD"
"464","JNPR","Juniper Networks Inc.","48203R10","2431846",0.00024202871366014,"Information Technology",3495752,"USD"
"465","RHI","Robert Half International Inc.","77032310","2110703",0.000241808696648425,"Industrials",1196488,"USD"
"466","IPGP","IPG Photonics Corporation","44980X10","2698782",0.000240798618549186,"Information Technology",369268,"USD"
"467","HII","Huntington Ingalls Industries Inc.","44641310","B40SSC9",0.000234338119023363,"Industrials",426230,"USD"
"468","SEE","Sealed Air Corporation","81211K10","2232793",0.000232968013086772,"Materials",1628325,"USD"
"469","COG","Cabot Oil & Gas Corporation","12709710","2162340",0.000231387890911725,"Energy",4159929,"USD"
"470","NCLH","Norwegian Cruise Line Holdings Ltd.","G6672110","B9CGTC3",0.000230877851475476,"Consumer Discretionary",2669872,"USD"
"471","ZION","Zions Bancorporation N.A.","98970110","2989828",0.000229967781108835,"Financials",1711349,"USD"
"472","NWSA","News Corporation Class A","65249B10","BBGVT40",0.000225427430048891,"Communication Services",3898235,"USD"
"473","PVH","PVH Corp.","69365610","B3V9F12",0.000220817073576129,"Consumer Discretionary",740383,"USD"
"474","NLSN","Nielsen Holdings Plc","G6518L10","BWFY550",0.000218186870208805,"Industrials",3651622,"USD"
"475","PRGO","Perrigo Co. Plc","G9782210","BGH1M56",0.000218066860929687,"Health Care",1419156,"USD"
"476","IVZ","Invesco Ltd.","G491BT10","B28XP76",0.000214426579463124,"Financials",3885840,"USD"
"477","BEN","Franklin Resources Inc.","35461310","2350684",0.000213516509096483,"Financials",2792820,"USD"
"478","DVN","Devon Energy Corporation","25179M10","2480677",0.000211266335113031,"Energy",4045835,"USD"
"479","FRT","Federal Realty Investment Trust","31374720","2333931",0.000209626208298426,"Real Estate",727539,"USD"
"480","DXC","DXC Technology Co.","23355L10","BYXD7B3",0.000208876150303942,"Information Technology",2667159,"USD"
"481","ALK","Alaska Air Group Inc.","01165910","2012605",0.000207426038181272,"Industrials",1283313,"USD"
"482","VNO","Vornado Realty Trust","92904210","2933632",0.000206855994105464,"Real Estate",1652965,"USD"
"483","APA","Apache Corporation","03741110","2043962",0.000202695672429392,"Energy",3898105,"USD"
"484","AIV","Apartment Investment & Management Co Class A","03748R74","BN2W9T6",0.000202255638405962,"Real Estate",1573810,"USD"
"485","KIM","Kimco Realty Corporation","49446R10","2491594",0.000202155630673364,"Real Estate",4328491,"USD"
"486","MRO","Marathon Oil Corporation","56584910","2910970",0.000193024924687177,"Energy",8390454,"USD"
"487","FLIR","FLIR Systems Inc.","30244510","2344717",0.000185004304532827,"Information Technology",1398717,"USD"
"488","PBCT","People's United Financial Inc.","71270410","B1W41J2",0.000184424259683759,"Financials",4433375,"USD"
"489","NOV","National Oilwell Varco Inc.","63707110","2624486",0.000183844214834691,"Energy",3979341,"USD"
"490","LEG","Leggett & Platt Incorporated","52466010","2510682",0.000180613965071779,"Consumer Discretionary",1346925,"USD"
"491","RL","Ralph Lauren Corporation Class A","75121210","B4V9661",0.000170063149282703,"Consumer Discretionary",519627,"USD"
"492","UNM","Unum Group","91529Y10","2433842",0.000163432636611463,"Financials",2178113,"USD"
"493","HBI","Hanesbrands Inc.","41034510","B1BJSL9",0.000160492409273085,"Consumer Discretionary",3634988,"USD"
"494","FLS","Flowserve Corporation","34354P10","2288406",0.000154281929078756,"Industrials",1332476,"USD"
"495","FOX","Fox Corporation Class B","35137L20","BJJMGY5",0.000150641647612193,"Communication Services",1666372,"USD"
"496","SLG","SL Green Realty Corp.","78440X10","2096847",0.000149321545541901,"Real Estate",764847,"USD"
"497","DISCA","Discovery Inc. Class A","25470F10","B3D7K31",0.000148761502239353,"Communication Services",1639668,"USD"
"498","GPS","Gap Inc.","36476010","2360326",0.000146181302738328,"Consumer Discretionary",2144519,"USD"
"499","VNT","Vontier Corp","92888110","BH4GV32",0.000141690955544683,"Information Technology",1409026,"USD"
"500","XRX","Xerox Holdings Corporation","98421M10","BJJD5G3",0.000139600793933387,"Information Technology",1937751,"USD"
"501","HFC","HollyFrontier Corporation","43610610","B5VX1H6",0.000138600716607408,"Energy",1546418,"USD"
"502","FTI","TechnipFMC Plc","G8711010","BDSFG98",0.000138440704235251,"Energy",4379910,"USD"
"503","UAA","Under Armour Inc. Class A","90431110","B0PZN11",0.0001049281130417,"Consumer Discretionary",1891813,"USD"
"504","UA","Under Armour Inc. Class C","90431120","BDF9YM2",9.79075702133289e-05,"Consumer Discretionary",2018655,"USD"
"505","NWS","News Corporation Class B","65249B20","BBGVT51",7.40257236689541e-05,"Communication Services",1287023,"USD"
